Text,Label
Factory Buys 32cm Euro Top Mattress - King,PRODUCT
Savannah Grey Bed Frame Fabric Gas Lift Storage - King,PRODUCT
Azalea LED Bed Frame PU Leather Gas Lift Storage - Black King,PRODUCT
Florence Metal Bed Frame Base Platform - Black King,PRODUCT
Hamar Plant Stand - Ash,PRODUCT
Alexander 3 Seater Sofa,PRODUCT
Simja 6 Piece Alfresco Setting,PRODUCT
Recycled Pine TV Cabinet,PRODUCT
Yukon 2.8m Dining Table,PRODUCT
Gold Coast Furniture & Homewares Store,PRODUCT
Opal Sun Dining Table - Oak,PRODUCT
Stretch Corner Sofa - Opal,PRODUCT
Bramant Outdoor 2 Seater Sofa - Mauve,PRODUCT
Samson Daybed Frame - Single,PRODUCT
STRING WEAVE TIMBER STOOL,PRODUCT
KAISER BOX BED,PRODUCT
Custom Upholstered Ottomans,PRODUCT
Avery dining chair,PRODUCT
Post Office shelving,PRODUCT
Avery dining chair upholstered,PRODUCT
Coco Ruffle Mirror,PRODUCT
home products patio furniture SWINGS,PRODUCT
GOOD BETTER BEST,PRODUCT
Azara Platform Bed ( Sable ),PRODUCT
Antares Coffee Table,PRODUCT
Antares Console Table,PRODUCT
Antares End Table,PRODUCT
LUNA High Chest,PRODUCT
LUNA King Bed,PRODUCT
LUNA Queen Bed,PRODUCT
MARCO Double Dresser,PRODUCT
MARCO King Bed,PRODUCT
MARCO Queen Bed,PRODUCT
MARCO Right Nightstand,PRODUCT
MARINI Double Dresser,PRODUCT
MARINI High Chest,PRODUCT
MARINI King Bed,PRODUCT
MARINI Queen Bed,PRODUCT
MARTI Double Dresser Grey,PRODUCT
Aaron Retro Sofa,PRODUCT
SIGN EXCLUSIVE INSIGHTS,PRODUCT
ALF & BUD SIDE TABLES,PRODUCT
Handmade Artist 's Passion Engineer 's Integrity,PRODUCT
Enso Platform Bed Frame Headboard - Solid Wood Modern Bed Frame,PRODUCT
Wood Finish Options,PRODUCT
TY Fine Furniture,PRODUCT
Custom Curly Walnut Platform Bed,PRODUCT
TY Fine Furniture,PRODUCT
Horizon Platform Bed - Modern Platform Bed,PRODUCT
COFFEE TABLE | Lulu Tallira,PRODUCT
DESK | Manto Elm Canvas Sasson,PRODUCT
DESK | Manto White Canvas Sasson,PRODUCT
COFFEE TABLE | Crabo black uniqwa,PRODUCT
Chest Drawers & Storage,PRODUCT
CUSTOMIZED PRODUCT OPTION,PRODUCT
BEST GREAT INDOORS,PRODUCT
Fish bricka vit,PRODUCT
WESTERN BAR STOOLS,PRODUCT
ELEGANT RANCH OFFICE,PRODUCT
SPECIAL OFFERS - OFFICE,PRODUCT
SECTIONAL + OTTOMAN CONVERTIBLE SLEEPER,PRODUCT
FADS SHOP FADS INSPIRATION,PRODUCT
HYPNOS ORTHOCARE CLASSIC KINGSIZE DIVAN & MATTRESS,PRODUCT
SHABBY SECTIONAL SOFA,PRODUCT
NEST SECTIONAL SOFA,PRODUCT
NEST SMALL SECTIONAL SOFA,PRODUCT
SCRAMBLER SECTIONAL SOFA,PRODUCT
NIRVANA MEDIUM SECTIONAL SOFA,PRODUCT
NIRVANA LARGE SECTIONAL SOFA,PRODUCT
SHABBY TUFTED SECTIONAL SOFA,PRODUCT
REALM SECTIONAL SOFA,PRODUCT
OASIS SECTIONAL SOFA,PRODUCT
SHABBY CURVE SECTIONAL SOFA,PRODUCT
Arncliffe Pop Bench,PRODUCT
Cantoni Modern Furniture Washington DC,PRODUCT
Top Selling Brands Washington DC,PRODUCT
Guardsman Gold Complete Plus Plan,PRODUCT
Molloy Chair Nau,PRODUCT
Bilgola Coffee Table Round,PRODUCT
Aran Bed Queen,PRODUCT
EMILY 2 SEATER SOFA 2 POWER,PRODUCT
STRESSLESS CONSUL CLASSIC BASE CHAIR & STOOL,PRODUCT
STRESSLESS MAYFAIR SIGNATURE BASE CHAIR & STOOL,PRODUCT
Bilgola Dining Chair,PRODUCT
